{
  "type": "FeatureCollection",
  "name": "DisasterLensAI_FloodExtent_Nepal_20240927",
  "metadata": {
    "disaster_type": "flood",
    "pre_date": "2024-09-20",
    "post_date": "2024-09-27",
    "sensor": "Sentinel-1 IW GRDH",
    "affected_area_km2": 0.1642,
    "confidence": 0.7,
    "warnings": [
      "Approximate geographic co-registration was performed from Sentinel-1 annotation GCPs.",
      "The pre-event and post-event scenes use different relative orbits.",
      "Detected polygons represent observed SAR backscatter change and are not a hydrodynamic flood model.",
      "Small isolated components may contain residual SAR speckle or registration artifacts."
    ]
  },
  "features": [
    {
      "type": "Feature",
      "geometry": {
        "type": "Polygon",
        "coordinates": [
          [
            [
              85.31456041823739,
              27.67462685487059
            ],
            [
              85.31456041823739,
              27.67442685917353
            ],
            [
              85.31446048242087,
              27.67442685917353
            ],
            [
              85.31446048242087,
              27.674126865627944
            ],
            [
              85.31456041823739,
              27.674126865627944
            ],
            [
              85.31456041823739,
              27.674026867779414
            ],
            [
              85.31476028987043,
              27.674026867779414
            ],
            [
              85.31476028987043,
              27.674126865627944
            ],
            [
              85.31506009732,
              27.674126865627944
            ],
            [
              85.31506009732,
              27.674326861325
            ],
            [
              85.31516003313652,
              27.674326861325
            ],
            [
              85.31516003313652,
              27.67462685487059
            ],
            [
              85.31496016150348,
              27.67462685487059
            ],
            [
              85.31496016150348,
              27.67452685702206
            ],
            [
              85.31486022568696,
              27.67452685702206
            ],
            [
              85.31486022568696,
              27.67442685917353
            ],
            [
              85.31476028987043,
              27.67442685917353
            ],
            [
              85.31476028987043,
              27.67452685702206
            ],
            [
              85.31466035405391,
              27.67452685702206
            ],
            [
              85.31466035405391,
              27.67462685487059
            ],
            [
              85.31456041823739,
              27.67462685487059
            ]
          ]
        ]
      },
      "properties": {
        "disaster_type": "flood",
        "sensor": "Sentinel-1",
        "pre_date": "2024-09-20",
        "post_date": "2024-09-27",
        "change_threshold_db": -5.0,
        "affected_area_km2_total": 0.1642,
        "confidence": 0.7,
        "method": "SAR backscatter decrease with spatial-component filtering",
        "crs": "EPSG:4326"
      }
    },
    {
      "type": "Feature",
      "geometry": {
        "type": "Polygon",
        "coordinates": [
          [
            [
              85.31076285720957,
              27.673626876385296
            ],
            [
              85.31076285720957,
              27.673426880688236
            ],
            [
              85.31086279302609,
              27.673426880688236
            ],
            [
              85.31086279302609,
              27.673226884991177
            ],
            [
              85.31116260047565,
              27.673226884991177
            ],
            [
              85.31116260047565,
              27.673126887142647
            ],
            [
              85.31156234374174,
              27.673126887142647
            ],
            [
              85.31156234374174,
              27.673026889294118
            ],
            [
              85.31166227955826,
              27.673026889294118
            ],
            [
              85.31166227955826,
              27.673226884991177
            ],
            [
              85.31156234374174,
              27.673226884991177
            ],
            [
              85.31156234374174,
              27.673326882839707
            ],
            [
              85.3113624721087,
              27.673326882839707
            ],
            [
              85.3113624721087,
              27.673426880688236
            ],
            [
              85.31116260047565,
              27.673426880688236
            ],
            [
              85.31116260047565,
              27.673526878536766
            ],
            [
              85.31106266465913,
              27.673526878536766
            ],
            [
              85.31106266465913,
              27.673626876385296
            ],
            [
              85.31076285720957,
              27.673626876385296
            ]
          ]
        ]
      },
      "properties": {
        "disaster_type": "flood",
        "sensor": "Sentinel-1",
        "pre_date": "2024-09-20",
        "post_date": "2024-09-27",
        "change_threshold_db": -5.0,
        "affected_area_km2_total": 0.1642,
        "confidence": 0.7,
        "method": "SAR backscatter decrease with spatial-component filtering",
        "crs": "EPSG:4326"
      }
    },
    {
      "type": "Feature",
      "geometry": {
        "type": "Polygon",
        "coordinates": [
          [
            [
              85.31516003313652,
              27.672626897900003
            ],
            [
              85.31516003313652,
              27.672526900051473
            ],
            [
              85.31476028987043,
              27.672526900051473
            ],
            [
              85.31476028987043,
              27.672426902202943
            ],
            [
              85.31486022568696,
              27.672426902202943
            ],
            [
              85.31486022568696,
              27.672026910808825
            ],
            [
              85.31466035405391,
              27.672026910808825
            ],
            [
              85.31466035405391,
              27.671826915111765
            ],
            [
              85.31496016150348,
              27.671826915111765
            ],
            [
              85.31496016150348,
              27.672026910808825
            ],
            [
              85.31525996895304,
              27.672026910808825
            ],
            [
              85.31525996895304,
              27.672126908657354
            ],
            [
              85.31535990476956,
              27.672126908657354
            ],
            [
              85.31535990476956,
              27.672326904354414
            ],
            [
              85.31545984058609,
              27.672326904354414
            ],
            [
              85.31545984058609,
              27.672526900051473
            ],
            [
              85.31525996895304,
              27.672526900051473
            ],
            [
              85.31525996895304,
              27.672626897900003
            ],
            [
              85.31516003313652,
              27.672626897900003
            ]
          ]
        ]
      },
      "properties": {
        "disaster_type": "flood",
        "sensor": "Sentinel-1",
        "pre_date": "2024-09-20",
        "post_date": "2024-09-27",
        "change_threshold_db": -5.0,
        "affected_area_km2_total": 0.1642,
        "confidence": 0.7,
        "method": "SAR backscatter decrease with spatial-component filtering",
        "crs": "EPSG:4326"
      }
    },
    {
      "type": "Feature",
      "geometry": {
        "type": "Polygon",
        "coordinates": [
          [
            [
              85.31296144517304,
              27.673326882839707
            ],
            [
              85.31296144517304,
              27.673026889294118
            ],
            [
              85.31306138098957,
              27.673026889294118
            ],
            [
              85.31306138098957,
              27.672926891445588
            ],
            [
              85.31296144517304,
              27.672926891445588
            ],
            [
              85.31296144517304,
              27.67282689359706
            ],
            [
              85.31286150935652,
              27.67282689359706
            ],
            [
              85.31286150935652,
              27.672726895748532
            ],
            [
              85.31296144517304,
              27.672726895748532
            ],
            [
              85.31296144517304,
              27.672526900051473
            ],
            [
              85.31266163772348,
              27.672526900051473
            ],
            [
              85.31266163772348,
              27.672626897900003
            ],
            [
              85.31246176609044,
              27.672626897900003
            ],
            [
              85.31246176609044,
              27.672326904354414
            ],
            [
              85.31256170190696,
              27.672326904354414
            ],
            [
              85.31256170190696,
              27.672226906505884
            ],
            [
              85.31236183027391,
              27.672226906505884
            ],
            [
              85.31236183027391,
              27.672026910808825
            ],
            [
              85.31246176609044,
              27.672026910808825
            ],
            [
              85.31246176609044,
              27.671926912960295
            ],
            [
              85.31256170190696,
              27.671926912960295
            ],
            [
              85.31256170190696,
              27.672126908657354
            ],
            [
              85.31276157354,
              27.672126908657354
            ],
            [
              85.31276157354,
              27.672226906505884
            ],
            [
              85.31286150935652,
              27.672226906505884
            ],
            [
              85.31286150935652,
              27.672126908657354
            ],
            [
              85.31296144517304,
              27.672126908657354
            ],
            [
              85.31296144517304,
              27.672226906505884
            ],
            [
              85.31316131680609,
              27.672226906505884
            ],
            [
              85.31316131680609,
              27.671526921566176
            ],
            [
              85.31326125262261,
              27.671526921566176
            ],
            [
              85.31326125262261,
              27.671426923717647
            ],
            [
              85.31346112425565,
              27.671426923717647
            ],
            [
              85.31346112425565,
              27.671526921566176
            ],
            [
              85.31376093170522,
              27.671526921566176
            ],
            [
              85.31376093170522,
              27.671726917263236
            ],
            [
              85.3136609958887,
              27.671726917263236
            ],
            [
              85.3136609958887,
              27.671626919414706
            ],
            [
              85.31346112425565,
              27.671626919414706
            ],
            [
              85.31346112425565,
              27.672126908657354
            ],
            [
              85.31336118843913,
              27.672126908657354
            ],
            [
              85.31336118843913,
              27.672226906505884
            ],
            [
              85.31346112425565,
              27.672226906505884
            ],
            [
              85.31346112425565,
              27.672426902202943
            ],
            [
              85.31356106007217,
              27.672426902202943
            ],
            [
              85.31356106007217,
              27.672526900051473
            ],
            [
              85.31346112425565,
              27.672526900051473
            ],
            [
              85.31346112425565,
              27.672626897900003
            ],
            [
              85.31336118843913,
              27.672626897900003
            ],
            [
              85.31336118843913,
              27.672726895748532
            ],
            [
              85.31346112425565,
              27.672726895748532
            ],
            [
              85.31346112425565,
              27.67282689359706
            ],
            [
              85.31356106007217,
              27.67282689359706
            ],
            [
              85.31356106007217,
              27.673026889294118
            ],
            [
              85.3136609958887,
              27.673026889294118
            ],
            [
              85.3136609958887,
              27.673226884991177
            ],
            [
              85.31356106007217,
              27.673226884991177
            ],
            [
              85.31356106007217,
              27.673126887142647
            ],
            [
              85.31346112425565,
              27.673126887142647
            ],
            [
              85.31346112425565,
              27.673026889294118
            ],
            [
              85.31336118843913,
              27.673026889294118
            ],
            [
              85.31336118843913,
              27.672926891445588
            ],
            [
              85.31326125262261,
              27.672926891445588
            ],
            [
              85.31326125262261,
              27.673026889294118
            ],
            [
              85.31316131680609,
              27.673026889294118
            ],
            [
              85.31316131680609,
              27.673126887142647
            ],
            [
              85.31306138098957,
              27.673126887142647
            ],
            [
              85.31306138098957,
              27.673326882839707
            ],
            [
              85.31296144517304,
              27.673326882839707
            ]
          ]
        ]
      },
      "properties": {
        "disaster_type": "flood",
        "sensor": "Sentinel-1",
        "pre_date": "2024-09-20",
        "post_date": "2024-09-27",
        "change_threshold_db": -5.0,
        "affected_area_km2_total": 0.1642,
        "confidence": 0.7,
        "method": "SAR backscatter decrease with spatial-component filtering",
        "crs": "EPSG:4326"
      }
    },
    {
      "type": "Feature",
      "geometry": {
        "type": "Polygon",
        "coordinates": [
          [
            [
              85.3076648468974,
              27.67102693232353
            ],
            [
              85.3076648468974,
              27.670926934475002
            ],
            [
              85.30756491108087,
              27.670926934475002
            ],
            [
              85.30756491108087,
              27.670826936626472
            ],
            [
              85.30746497526435,
              27.670826936626472
            ],
            [
              85.30746497526435,
              27.670726938777943
            ],
            [
              85.30736503944783,
              27.670726938777943
            ],
            [
              85.30736503944783,
              27.670626940929413
            ],
            [
              85.30726510363131,
              27.670626940929413
            ],
            [
              85.30726510363131,
              27.670426945232354
            ],
            [
              85.30746497526435,
              27.670426945232354
            ],
            [
              85.30746497526435,
              27.670326947383824
            ],
            [
              85.3076648468974,
              27.670326947383824
            ],
            [
              85.3076648468974,
              27.670426945232354
            ],
            [
              85.30756491108087,
              27.670426945232354
            ],
            [
              85.30756491108087,
              27.670526943080883
            ],
            [
              85.3076648468974,
              27.670526943080883
            ],
            [
              85.3076648468974,
              27.670726938777943
            ],
            [
              85.30776478271392,
              27.670726938777943
            ],
            [
              85.30776478271392,
              27.670826936626472
            ],
            [
              85.30786471853044,
              27.670826936626472
            ],
            [
              85.30786471853044,
              27.670926934475002
            ],
            [
              85.30796465434696,
              27.670926934475002
            ],
            [
              85.30796465434696,
              27.67102693232353
            ],
            [
              85.3076648468974,
              27.67102693232353
            ]
          ]
        ]
      },
      "properties": {
        "disaster_type": "flood",
        "sensor": "Sentinel-1",
        "pre_date": "2024-09-20",
        "post_date": "2024-09-27",
        "change_threshold_db": -5.0,
        "affected_area_km2_total": 0.1642,
        "confidence": 0.7,
        "method": "SAR backscatter decrease with spatial-component filtering",
        "crs": "EPSG:4326"
      }
    },
    {
      "type": "Feature",
      "geometry": {
        "type": "Polygon",
        "coordinates": [
          [
            [
              85.31346112425565,
              27.669926955989705
            ],
            [
              85.31346112425565,
              27.66962696244412
            ],
            [
              85.31336118843913,
              27.66962696244412
            ],
            [
              85.31336118843913,
              27.66952696459559
            ],
            [
              85.31316131680609,
              27.66952696459559
            ],
            [
              85.31316131680609,
              27.66942696674706
            ],
            [
              85.31306138098957,
              27.66942696674706
            ],
            [
              85.31306138098957,
              27.66912697320147
            ],
            [
              85.31316131680609,
              27.66912697320147
            ],
            [
              85.31316131680609,
              27.668926977504412
            ],
            [
              85.31336118843913,
              27.668926977504412
            ],
            [
              85.31336118843913,
              27.669026975352942
            ],
            [
              85.31346112425565,
              27.669026975352942
            ],
            [
              85.31346112425565,
              27.66912697320147
            ],
            [
              85.31356106007217,
              27.66912697320147
            ],
            [
              85.31356106007217,
              27.66942696674706
            ],
            [
              85.31376093170522,
              27.66942696674706
            ],
            [
              85.31376093170522,
              27.66932696889853
            ],
            [
              85.31406073915478,
              27.66932696889853
            ],
            [
              85.31406073915478,
              27.66952696459559
            ],
            [
              85.31386086752174,
              27.66952696459559
            ],
            [
              85.31386086752174,
              27.66962696244412
            ],
            [
              85.31376093170522,
              27.66962696244412
            ],
            [
              85.31376093170522,
              27.66972696029265
            ],
            [
              85.3136609958887,
              27.66972696029265
            ],
            [
              85.3136609958887,
              27.669826958141176
            ],
            [
              85.31356106007217,
              27.669826958141176
            ],
            [
              85.31356106007217,
              27.669926955989705
            ],
            [
              85.31346112425565,
              27.669926955989705
            ]
          ]
        ]
      },
      "properties": {
        "disaster_type": "flood",
        "sensor": "Sentinel-1",
        "pre_date": "2024-09-20",
        "post_date": "2024-09-27",
        "change_threshold_db": -5.0,
        "affected_area_km2_total": 0.1642,
        "confidence": 0.7,
        "method": "SAR backscatter decrease with spatial-component filtering",
        "crs": "EPSG:4326"
      }
    },
    {
      "type": "Feature",
      "geometry": {
        "type": "Polygon",
        "coordinates": [
          [
            [
              85.31446048242087,
              27.66762700547353
            ],
            [
              85.31446048242087,
              27.66742700977647
            ],
            [
              85.31436054660435,
              27.66742700977647
            ],
            [
              85.31436054660435,
              27.66732701192794
            ],
            [
              85.31456041823739,
              27.66732701192794
            ],
            [
              85.31456041823739,
              27.667227014079412
            ],
            [
              85.31476028987043,
              27.667227014079412
            ],
            [
              85.31476028987043,
              27.667127016230882
            ],
            [
              85.31496016150348,
              27.667127016230882
            ],
            [
              85.31496016150348,
              27.667227014079412
            ],
            [
              85.31516003313652,
              27.667227014079412
            ],
            [
              85.31516003313652,
              27.667527007625
            ],
            [
              85.31506009732,
              27.667527007625
            ],
            [
              85.31506009732,
              27.66742700977647
            ],
            [
              85.31496016150348,
              27.66742700977647
            ],
            [
              85.31496016150348,
              27.66762700547353
            ],
            [
              85.31476028987043,
              27.66762700547353
            ],
            [
              85.31476028987043,
              27.667527007625
            ],
            [
              85.31466035405391,
              27.667527007625
            ],
            [
              85.31466035405391,
              27.66762700547353
            ],
            [
              85.31446048242087,
              27.66762700547353
            ]
          ]
        ]
      },
      "properties": {
        "disaster_type": "flood",
        "sensor": "Sentinel-1",
        "pre_date": "2024-09-20",
        "post_date": "2024-09-27",
        "change_threshold_db": -5.0,
        "affected_area_km2_total": 0.1642,
        "confidence": 0.7,
        "method": "SAR backscatter decrease with spatial-component filtering",
        "crs": "EPSG:4326"
      }
    },
    {
      "type": "Feature",
      "geometry": {
        "type": "Polygon",
        "coordinates": [
          [
            [
              85.30796465434696,
              27.66552705065441
            ],
            [
              85.30796465434696,
              27.66542705280588
            ],
            [
              85.30786471853044,
              27.66542705280588
            ],
            [
              85.30786471853044,
              27.665327054957356
            ],
            [
              85.30776478271392,
              27.665327054957356
            ],
            [
              85.30776478271392,
              27.665227057108826
            ],
            [
              85.3076648468974,
              27.665227057108826
            ],
            [
              85.3076648468974,
              27.665127059260296
            ],
            [
              85.30776478271392,
              27.665127059260296
            ],
            [
              85.30776478271392,
              27.665027061411767
            ],
            [
              85.30816452598,
              27.665027061411767
            ],
            [
              85.30816452598,
              27.664927063563237
            ],
            [
              85.30846433342957,
              27.664927063563237
            ],
            [
              85.30846433342957,
              27.665027061411767
            ],
            [
              85.30826446179653,
              27.665027061411767
            ],
            [
              85.30826446179653,
              27.665227057108826
            ],
            [
              85.30836439761305,
              27.665227057108826
            ],
            [
              85.30836439761305,
              27.66542705280588
            ],
            [
              85.30826446179653,
              27.66542705280588
            ],
            [
              85.30826446179653,
              27.665327054957356
            ],
            [
              85.30816452598,
              27.665327054957356
            ],
            [
              85.30816452598,
              27.66552705065441
            ],
            [
              85.30796465434696,
              27.66552705065441
            ]
          ]
        ]
      },
      "properties": {
        "disaster_type": "flood",
        "sensor": "Sentinel-1",
        "pre_date": "2024-09-20",
        "post_date": "2024-09-27",
        "change_threshold_db": -5.0,
        "affected_area_km2_total": 0.1642,
        "confidence": 0.7,
        "method": "SAR backscatter decrease with spatial-component filtering",
        "crs": "EPSG:4326"
      }
    },
    {
      "type": "Feature",
      "geometry": {
        "type": "Polygon",
        "coordinates": [
          [
            [
              85.3159595196687,
              27.66542705280588
            ],
            [
              85.3159595196687,
              27.665227057108826
            ],
            [
              85.31605945548522,
              27.665227057108826
            ],
            [
              85.31605945548522,
              27.665127059260296
            ],
            [
              85.3159595196687,
              27.665127059260296
            ],
            [
              85.3159595196687,
              27.664927063563237
            ],
            [
              85.31585958385217,
              27.664927063563237
            ],
            [
              85.31585958385217,
              27.664727067866178
            ],
            [
              85.31565971221913,
              27.664727067866178
            ],
            [
              85.31565971221913,
              27.66452707216912
            ],
            [
              85.3159595196687,
              27.66452707216912
            ],
            [
              85.3159595196687,
              27.664627070017648
            ],
            [
              85.31615939130174,
              27.664627070017648
            ],
            [
              85.31615939130174,
              27.664727067866178
            ],
            [
              85.31625932711826,
              27.664727067866178
            ],
            [
              85.31625932711826,
              27.664827065714707
            ],
            [
              85.31615939130174,
              27.664827065714707
            ],
            [
              85.31615939130174,
              27.664927063563237
            ],
            [
              85.31605945548522,
              27.664927063563237
            ],
            [
              85.31605945548522,
              27.665027061411767
            ],
            [
              85.31625932711826,
              27.665027061411767
            ],
            [
              85.31625932711826,
              27.665227057108826
            ],
            [
              85.31615939130174,
              27.665227057108826
            ],
            [
              85.31615939130174,
              27.66542705280588
            ],
            [
              85.3159595196687,
              27.66542705280588
            ]
          ]
        ]
      },
      "properties": {
        "disaster_type": "flood",
        "sensor": "Sentinel-1",
        "pre_date": "2024-09-20",
        "post_date": "2024-09-27",
        "change_threshold_db": -5.0,
        "affected_area_km2_total": 0.1642,
        "confidence": 0.7,
        "method": "SAR backscatter decrease with spatial-component filtering",
        "crs": "EPSG:4326"
      }
    },
    {
      "type": "Feature",
      "geometry": {
        "type": "Polygon",
        "coordinates": [
          [
            [
              85.30916388414522,
              27.66452707216912
            ],
            [
              85.30916388414522,
              27.66442707432059
            ],
            [
              85.3090639483287,
              27.66442707432059
            ],
            [
              85.3090639483287,
              27.66402708292647
            ],
            [
              85.30936375577826,
              27.66402708292647
            ],
            [
              85.30936375577826,
              27.66392708507794
            ],
            [
              85.30956362741131,
              27.66392708507794
            ],
            [
              85.30956362741131,
              27.663827087229414
            ],
            [
              85.30966356322783,
              27.663827087229414
            ],
            [
              85.30966356322783,
              27.663727089380885
            ],
            [
              85.30976349904435,
              27.663727089380885
            ],
            [
              85.30976349904435,
              27.663627091532355
            ],
            [
              85.31006330649392,
              27.663627091532355
            ],
            [
              85.31006330649392,
              27.663527093683825
            ],
            [
              85.31016324231044,
              27.663527093683825
            ],
            [
              85.31016324231044,
              27.66392708507794
            ],
            [
              85.3099633706774,
              27.66392708507794
            ],
            [
              85.3099633706774,
              27.66402708292647
            ],
            [
              85.30956362741131,
              27.66402708292647
            ],
            [
              85.30956362741131,
              27.66432707647206
            ],
            [
              85.30926381996174,
              27.66432707647206
            ],
            [
              85.30926381996174,
              27.66452707216912
            ],
            [
              85.30916388414522,
              27.66452707216912
            ]
          ]
        ]
      },
      "properties": {
        "disaster_type": "flood",
        "sensor": "Sentinel-1",
        "pre_date": "2024-09-20",
        "post_date": "2024-09-27",
        "change_threshold_db": -5.0,
        "affected_area_km2_total": 0.1642,
        "confidence": 0.7,
        "method": "SAR backscatter decrease with spatial-component filtering",
        "crs": "EPSG:4326"
      }
    },
    {
      "type": "Feature",
      "geometry": {
        "type": "Polygon",
        "coordinates": [
          [
            [
              85.3159595196687,
              27.666727024836767
            ],
            [
              85.3159595196687,
              27.666627026988238
            ],
            [
              85.31585958385217,
              27.666627026988238
            ],
            [
              85.31585958385217,
              27.666427031291178
            ],
            [
              85.31575964803565,
              27.666427031291178
            ],
            [
              85.31575964803565,
              27.66632703344265
            ],
            [
              85.31535990476956,
              27.66632703344265
            ],
            [
              85.31535990476956,
              27.666427031291178
            ],
            [
              85.31525996895304,
              27.666427031291178
            ],
            [
              85.31525996895304,
              27.66632703344265
            ],
            [
              85.31516003313652,
              27.66632703344265
            ],
            [
              85.31516003313652,
              27.66622703559412
            ],
            [
              85.31525996895304,
              27.66622703559412
            ],
            [
              85.31525996895304,
              27.66592704204853
            ],
            [
              85.31496016150348,
              27.66592704204853
            ],
            [
              85.31496016150348,
              27.6658270442
            ],
            [
              85.31486022568696,
              27.6658270442
            ],
            [
              85.31486022568696,
              27.66592704204853
            ],
            [
              85.31456041823739,
              27.66592704204853
            ],
            [
              85.31456041823739,
              27.6658270442
            ],
            [
              85.31446048242087,
              27.6658270442
            ],
            [
              85.31446048242087,
              27.66572704635147
            ],
            [
              85.31456041823739,
              27.66572704635147
            ],
            [
              85.31456041823739,
              27.66562704850294
            ],
            [
              85.31446048242087,
              27.66562704850294
            ],
            [
              85.31446048242087,
              27.665327054957356
            ],
            [
              85.31436054660435,
              27.665327054957356
            ],
            [
              85.31436054660435,
              27.66542705280588
            ],
            [
              85.31426061078783,
              27.66542705280588
            ],
            [
              85.31426061078783,
              27.665327054957356
            ],
            [
              85.3141606749713,
              27.665327054957356
            ],
            [
              85.3141606749713,
              27.665227057108826
            ],
            [
              85.31406073915478,
              27.665227057108826
            ],
            [
              85.31406073915478,
              27.66552705065441
            ],
            [
              85.31396080333826,
              27.66552705065441
            ],
            [
              85.31396080333826,
              27.66542705280588
            ],
            [
              85.31376093170522,
              27.66542705280588
            ],
            [
              85.31376093170522,
              27.665327054957356
            ],
            [
              85.3136609958887,
              27.665327054957356
            ],
            [
              85.3136609958887,
              27.664727067866178
            ],
            [
              85.31376093170522,
              27.664727067866178
            ],
            [
              85.31376093170522,
              27.66442707432059
            ],
            [
              85.31396080333826,
              27.66442707432059
            ],
            [
              85.31396080333826,
              27.66452707216912
            ],
            [
              85.31426061078783,
              27.66452707216912
            ],
            [
              85.31426061078783,
              27.664627070017648
            ],
            [
              85.31396080333826,
              27.664627070017648
            ],
            [
              85.31396080333826,
              27.664727067866178
            ],
            [
              85.31406073915478,
              27.664727067866178
            ],
            [
              85.31406073915478,
              27.665027061411767
            ],
            [
              85.3141606749713,
              27.665027061411767
            ],
            [
              85.3141606749713,
              27.664727067866178
            ],
            [
              85.31426061078783,
              27.664727067866178
            ],
            [
              85.31426061078783,
              27.664927063563237
            ],
            [
              85.31436054660435,
              27.664927063563237
            ],
            [
              85.31436054660435,
              27.664827065714707
            ],
            [
              85.31446048242087,
              27.664827065714707
            ],
            [
              85.31446048242087,
              27.665127059260296
            ],
            [
              85.31466035405391,
              27.665127059260296
            ],
            [
              85.31466035405391,
              27.665027061411767
            ],
            [
              85.31476028987043,
              27.665027061411767
            ],
            [
              85.31476028987043,
              27.664927063563237
            ],
            [
              85.31486022568696,
              27.664927063563237
            ],
            [
              85.31486022568696,
              27.665127059260296
            ],
            [
              85.31496016150348,
              27.665127059260296
            ],
            [
              85.31496016150348,
              27.665227057108826
            ],
            [
              85.31476028987043,
              27.665227057108826
            ],
            [
              85.31476028987043,
              27.66552705065441
            ],
            [
              85.31496016150348,
              27.66552705065441
            ],
            [
              85.31496016150348,
              27.66542705280588
            ],
            [
              85.31506009732,
              27.66542705280588
            ],
            [
              85.31506009732,
              27.664827065714707
            ],
            [
              85.31486022568696,
              27.664827065714707
            ],
            [
              85.31486022568696,
              27.664627070017648
            ],
            [
              85.31496016150348,
              27.664627070017648
            ],
            [
              85.31496016150348,
              27.66452707216912
            ],
            [
              85.31436054660435,
              27.66452707216912
            ],
            [
              85.31436054660435,
              27.66442707432059
            ],
            [
              85.31456041823739,
              27.66442707432059
            ],
            [
              85.31456041823739,
              27.66432707647206
            ],
            [
              85.31486022568696,
              27.66432707647206
            ],
            [
              85.31486022568696,
              27.66422707862353
            ],
            [
              85.31476028987043,
              27.66422707862353
            ],
            [
              85.31476028987043,
              27.663727089380885
            ],
            [
              85.31456041823739,
              27.663727089380885
            ],
            [
              85.31456041823739,
              27.663627091532355
            ],
            [
              85.31506009732,
              27.663627091532355
            ],
            [
              85.31506009732,
              27.663727089380885
            ],
            [
              85.31516003313652,
              27.663727089380885
            ],
            [
              85.31516003313652,
              27.66392708507794
            ],
            [
              85.31525996895304,
              27.66392708507794
            ],
            [
              85.31525996895304,
              27.66402708292647
            ],
            [
              85.31535990476956,
              27.66402708292647
            ],
            [
              85.31535990476956,
              27.664127080775
            ],
            [
              85.31555977640261,
              27.664127080775
            ],
            [
              85.31555977640261,
              27.66402708292647
            ],
            [
              85.31565971221913,
              27.66402708292647
            ],
            [
              85.31565971221913,
              27.664127080775
            ],
            [
              85.31575964803565,
              27.664127080775
            ],
            [
              85.31575964803565,
              27.663827087229414
            ],
            [
              85.31565971221913,
              27.663827087229414
            ],
            [
              85.31565971221913,
              27.663727089380885
            ],
            [
              85.31545984058609,
              27.663727089380885
            ],
            [
              85.31545984058609,
              27.663827087229414
            ],
            [
              85.31535990476956,
              27.663827087229414
            ],
            [
              85.31535990476956,
              27.663627091532355
            ],
            [
              85.31555977640261,
              27.663627091532355
            ],
            [
              85.31555977640261,
              27.663527093683825
            ],
            [
              85.31565971221913,
              27.663527093683825
            ],
            [
              85.31565971221913,
              27.663427095835296
            ],
            [
              85.31585958385217,
              27.663427095835296
            ],
            [
              85.31585958385217,
              27.663327097986766
            ],
            [
              85.31615939130174,
              27.663327097986766
            ],
            [
              85.31615939130174,
              27.663127102289707
            ],
            [
              85.31625932711826,
              27.663127102289707
            ],
            [
              85.31625932711826,
              27.663627091532355
            ],
            [
              85.31635926293478,
              27.663627091532355
            ],
            [
              85.31635926293478,
              27.66402708292647
            ],
            [
              85.31625932711826,
              27.66402708292647
            ],
            [
              85.31625932711826,
              27.66392708507794
            ],
            [
              85.31605945548522,
              27.66392708507794
            ],
            [
              85.31605945548522,
              27.66402708292647
            ],
            [
              85.3159595196687,
              27.66402708292647
            ],
            [
              85.3159595196687,
              27.66422707862353
            ],
            [
              85.31575964803565,
              27.66422707862353
            ],
            [
              85.31575964803565,
              27.66432707647206
            ],
            [
              85.31545984058609,
              27.66432707647206
            ],
            [
              85.31545984058609,
              27.664727067866178
            ],
            [
              85.31535990476956,
              27.664727067866178
            ],
            [
              85.31535990476956,
              27.664927063563237
            ],
            [
              85.31555977640261,
              27.664927063563237
            ],
            [
              85.31555977640261,
              27.665027061411767
            ],
            [
              85.31545984058609,
              27.665027061411767
            ],
            [
              85.31545984058609,
              27.66552705065441
            ],
            [
              85.31535990476956,
              27.66552705065441
            ],
            [
              85.31535990476956,
              27.66572704635147
            ],
            [
              85.31545984058609,
              27.66572704635147
            ],
            [
              85.31545984058609,
              27.6658270442
            ],
            [
              85.31535990476956,
              27.6658270442
            ],
            [
              85.31535990476956,
              27.66592704204853
            ],
            [
              85.31575964803565,
              27.66592704204853
            ],
            [
              85.31575964803565,
              27.6658270442
            ],
            [
              85.31585958385217,
              27.6658270442
            ],
            [
              85.31585958385217,
              27.66572704635147
            ],
            [
              85.3159595196687,
              27.66572704635147
            ],
            [
              85.3159595196687,
              27.66562704850294
            ],
            [
              85.31615939130174,
              27.66562704850294
            ],
            [
              85.31615939130174,
              27.66552705065441
            ],
            [
              85.31625932711826,
              27.66552705065441
            ],
            [
              85.31625932711826,
              27.6658270442
            ],
            [
              85.31615939130174,
              27.6658270442
            ],
            [
              85.31615939130174,
              27.66592704204853
            ],
            [
              85.31635926293478,
              27.66592704204853
            ],
            [
              85.31635926293478,
              27.66572704635147
            ],
            [
              85.3164591987513,
              27.66572704635147
            ],
            [
              85.3164591987513,
              27.6658270442
            ],
            [
              85.31655913456783,
              27.6658270442
            ],
            [
              85.31655913456783,
              27.66632703344265
            ],
            [
              85.3164591987513,
              27.66632703344265
            ],
            [
              85.3164591987513,
              27.66622703559412
            ],
            [
              85.31635926293478,
              27.66622703559412
            ],
            [
              85.31635926293478,
              27.66612703774559
            ],
            [
              85.31615939130174,
              27.66612703774559
            ],
            [
              85.31615939130174,
              27.666627026988238
            ],
            [
              85.31605945548522,
              27.666627026988238
            ],
            [
              85.31605945548522,
              27.666727024836767
            ],
            [
              85.3159595196687,
              27.666727024836767
            ]
          ],
          [
            [
              85.31516003313652,
              27.66552705065441
            ],
            [
              85.31535990476956,
              27.66552705065441
            ],
            [
              85.31535990476956,
              27.66542705280588
            ],
            [
              85.31516003313652,
              27.66542705280588
            ],
            [
              85.31516003313652,
              27.66552705065441
            ]
          ],
          [
            [
              85.31496016150348,
              27.664127080775
            ],
            [
              85.31506009732,
              27.664127080775
            ],
            [
              85.31506009732,
              27.66392708507794
            ],
            [
              85.31496016150348,
              27.66392708507794
            ],
            [
              85.31496016150348,
              27.664127080775
            ]
          ]
        ]
      },
      "properties": {
        "disaster_type": "flood",
        "sensor": "Sentinel-1",
        "pre_date": "2024-09-20",
        "post_date": "2024-09-27",
        "change_threshold_db": -5.0,
        "affected_area_km2_total": 0.1642,
        "confidence": 0.7,
        "method": "SAR backscatter decrease with spatial-component filtering",
        "crs": "EPSG:4326"
      }
    },
    {
      "type": "Feature",
      "geometry": {
        "type": "Polygon",
        "coordinates": [
          [
            [
              85.31316131680609,
              27.661327141016177
            ],
            [
              85.31316131680609,
              27.661127145319117
            ],
            [
              85.31326125262261,
              27.661127145319117
            ],
            [
              85.31326125262261,
              27.660827151773532
            ],
            [
              85.3136609958887,
              27.660827151773532
            ],
            [
              85.3136609958887,
              27.660727153925002
            ],
            [
              85.31386086752174,
              27.660727153925002
            ],
            [
              85.31386086752174,
              27.660827151773532
            ],
            [
              85.31376093170522,
              27.660827151773532
            ],
            [
              85.31376093170522,
              27.661027147470588
            ],
            [
              85.31356106007217,
              27.661027147470588
            ],
            [
              85.31356106007217,
              27.661127145319117
            ],
            [
              85.31346112425565,
              27.661127145319117
            ],
            [
              85.31346112425565,
              27.661227143167647
            ],
            [
              85.31336118843913,
              27.661227143167647
            ],
            [
              85.31336118843913,
              27.661327141016177
            ],
            [
              85.31316131680609,
              27.661327141016177
            ]
          ]
        ]
      },
      "properties": {
        "disaster_type": "flood",
        "sensor": "Sentinel-1",
        "pre_date": "2024-09-20",
        "post_date": "2024-09-27",
        "change_threshold_db": -5.0,
        "affected_area_km2_total": 0.1642,
        "confidence": 0.7,
        "method": "SAR backscatter decrease with spatial-component filtering",
        "crs": "EPSG:4326"
      }
    },
    {
      "type": "Feature",
      "geometry": {
        "type": "Polygon",
        "coordinates": [
          [
            [
              85.31525996895304,
              27.659627177591176
            ],
            [
              85.31525996895304,
              27.65922718619706
            ],
            [
              85.31535990476956,
              27.65922718619706
            ],
            [
              85.31535990476956,
              27.65912718834853
            ],
            [
              85.31555977640261,
              27.65912718834853
            ],
            [
              85.31555977640261,
              27.658927192651472
            ],
            [
              85.31575964803565,
              27.658927192651472
            ],
            [
              85.31575964803565,
              27.658827194802942
            ],
            [
              85.31585958385217,
              27.658827194802942
            ],
            [
              85.31585958385217,
              27.65932718404559
            ],
            [
              85.31575964803565,
              27.65932718404559
            ],
            [
              85.31575964803565,
              27.65942718189412
            ],
            [
              85.31565971221913,
              27.65942718189412
            ],
            [
              85.31565971221913,
              27.659627177591176
            ],
            [
              85.31555977640261,
              27.659627177591176
            ],
            [
              85.31555977640261,
              27.659527179742646
            ],
            [
              85.31545984058609,
              27.659527179742646
            ],
            [
              85.31545984058609,
              27.659627177591176
            ],
            [
              85.31525996895304,
              27.659627177591176
            ]
          ]
        ]
      },
      "properties": {
        "disaster_type": "flood",
        "sensor": "Sentinel-1",
        "pre_date": "2024-09-20",
        "post_date": "2024-09-27",
        "change_threshold_db": -5.0,
        "affected_area_km2_total": 0.1642,
        "confidence": 0.7,
        "method": "SAR backscatter decrease with spatial-component filtering",
        "crs": "EPSG:4326"
      }
    },
    {
      "type": "Feature",
      "geometry": {
        "type": "Polygon",
        "coordinates": [
          [
            [
              85.31516003313652,
              27.657027233529412
            ],
            [
              85.31516003313652,
              27.65622725074118
            ],
            [
              85.31545984058609,
              27.65622725074118
            ],
            [
              85.31545984058609,
              27.656527244286764
            ],
            [
              85.31535990476956,
              27.656527244286764
            ],
            [
              85.31535990476956,
              27.656827237832353
            ],
            [
              85.31545984058609,
              27.656827237832353
            ],
            [
              85.31545984058609,
              27.656927235680882
            ],
            [
              85.31535990476956,
              27.656927235680882
            ],
            [
              85.31535990476956,
              27.657027233529412
            ],
            [
              85.31516003313652,
              27.657027233529412
            ]
          ]
        ]
      },
      "properties": {
        "disaster_type": "flood",
        "sensor": "Sentinel-1",
        "pre_date": "2024-09-20",
        "post_date": "2024-09-27",
        "change_threshold_db": -5.0,
        "affected_area_km2_total": 0.1642,
        "confidence": 0.7,
        "method": "SAR backscatter decrease with spatial-component filtering",
        "crs": "EPSG:4326"
      }
    },
    {
      "type": "Feature",
      "geometry": {
        "type": "Polygon",
        "coordinates": [
          [
            [
              85.30716516781479,
              27.657027233529412
            ],
            [
              85.30716516781479,
              27.656827237832353
            ],
            [
              85.30726510363131,
              27.656827237832353
            ],
            [
              85.30726510363131,
              27.656727239983823
            ],
            [
              85.30716516781479,
              27.656727239983823
            ],
            [
              85.30716516781479,
              27.656627242135293
            ],
            [
              85.30706523199827,
              27.656627242135293
            ],
            [
              85.30706523199827,
              27.656427246438238
            ],
            [
              85.30696529618174,
              27.656427246438238
            ],
            [
              85.30696529618174,
              27.656327248589708
            ],
            [
              85.30716516781479,
              27.656327248589708
            ],
            [
              85.30716516781479,
              27.65622725074118
            ],
            [
              85.30746497526435,
              27.65622725074118
            ],
            [
              85.30746497526435,
              27.656427246438238
            ],
            [
              85.3076648468974,
              27.656427246438238
            ],
            [
              85.3076648468974,
              27.656527244286764
            ],
            [
              85.30756491108087,
              27.656527244286764
            ],
            [
              85.30756491108087,
              27.656627242135293
            ],
            [
              85.30736503944783,
              27.656627242135293
            ],
            [
              85.30736503944783,
              27.657027233529412
            ],
            [
              85.30716516781479,
              27.657027233529412
            ]
          ]
        ]
      },
      "properties": {
        "disaster_type": "flood",
        "sensor": "Sentinel-1",
        "pre_date": "2024-09-20",
        "post_date": "2024-09-27",
        "change_threshold_db": -5.0,
        "affected_area_km2_total": 0.1642,
        "confidence": 0.7,
        "method": "SAR backscatter decrease with spatial-component filtering",
        "crs": "EPSG:4326"
      }
    },
    {
      "type": "Feature",
      "geometry": {
        "type": "Polygon",
        "coordinates": [
          [
            [
              85.30916388414522,
              27.655127274407352
            ],
            [
              85.30916388414522,
              27.655027276558826
            ],
            [
              85.3090639483287,
              27.655027276558826
            ],
            [
              85.3090639483287,
              27.654927278710296
            ],
            [
              85.30886407669566,
              27.654927278710296
            ],
            [
              85.30886407669566,
              27.654827280861767
            ],
            [
              85.3090639483287,
              27.654827280861767
            ],
            [
              85.3090639483287,
              27.654727283013237
            ],
            [
              85.30916388414522,
              27.654727283013237
            ],
            [
              85.30916388414522,
              27.654427289467648
            ],
            [
              85.30946369159479,
              27.654427289467648
            ],
            [
              85.30946369159479,
              27.654627285164707
            ],
            [
              85.30956362741131,
              27.654627285164707
            ],
            [
              85.30956362741131,
              27.654827280861767
            ],
            [
              85.30966356322783,
              27.654827280861767
            ],
            [
              85.30966356322783,
              27.654927278710296
            ],
            [
              85.30976349904435,
              27.654927278710296
            ],
            [
              85.30976349904435,
              27.655027276558826
            ],
            [
              85.30956362741131,
              27.655027276558826
            ],
            [
              85.30956362741131,
              27.654927278710296
            ],
            [
              85.30936375577826,
              27.654927278710296
            ],
            [
              85.30936375577826,
              27.655127274407352
            ],
            [
              85.30916388414522,
              27.655127274407352
            ]
          ]
        ]
      },
      "properties": {
        "disaster_type": "flood",
        "sensor": "Sentinel-1",
        "pre_date": "2024-09-20",
        "post_date": "2024-09-27",
        "change_threshold_db": -5.0,
        "affected_area_km2_total": 0.1642,
        "confidence": 0.7,
        "method": "SAR backscatter decrease with spatial-component filtering",
        "crs": "EPSG:4326"
      }
    },
    {
      "type": "Feature",
      "geometry": {
        "type": "Polygon",
        "coordinates": [
          [
            [
              85.3076648468974,
              27.653927300225
            ],
            [
              85.3076648468974,
              27.65382730237647
            ],
            [
              85.30756491108087,
              27.65382730237647
            ],
            [
              85.30756491108087,
              27.65372730452794
            ],
            [
              85.3076648468974,
              27.65372730452794
            ],
            [
              85.3076648468974,
              27.65362730667941
            ],
            [
              85.30786471853044,
              27.65362730667941
            ],
            [
              85.30786471853044,
              27.653427310982355
            ],
            [
              85.30776478271392,
              27.653427310982355
            ],
            [
              85.30776478271392,
              27.653327313133826
            ],
            [
              85.30796465434696,
              27.653327313133826
            ],
            [
              85.30796465434696,
              27.653227315285296
            ],
            [
              85.30826446179653,
              27.653227315285296
            ],
            [
              85.30826446179653,
              27.653127317436766
            ],
            [
              85.30836439761305,
              27.653127317436766
            ],
            [
              85.30836439761305,
              27.653227315285296
            ],
            [
              85.30846433342957,
              27.653227315285296
            ],
            [
              85.30846433342957,
              27.653427310982355
            ],
            [
              85.30856426924609,
              27.653427310982355
            ],
            [
              85.30856426924609,
              27.65362730667941
            ],
            [
              85.30866420506261,
              27.65362730667941
            ],
            [
              85.30866420506261,
              27.65372730452794
            ],
            [
              85.30836439761305,
              27.65372730452794
            ],
            [
              85.30836439761305,
              27.653527308830885
            ],
            [
              85.30826446179653,
              27.653527308830885
            ],
            [
              85.30826446179653,
              27.65362730667941
            ],
            [
              85.30816452598,
              27.65362730667941
            ],
            [
              85.30816452598,
              27.65372730452794
            ],
            [
              85.30806459016348,
              27.65372730452794
            ],
            [
              85.30806459016348,
              27.65382730237647
            ],
            [
              85.30796465434696,
              27.65382730237647
            ],
            [
              85.30796465434696,
              27.653927300225
            ],
            [
              85.3076648468974,
              27.653927300225
            ]
          ]
        ]
      },
      "properties": {
        "disaster_type": "flood",
        "sensor": "Sentinel-1",
        "pre_date": "2024-09-20",
        "post_date": "2024-09-27",
        "change_threshold_db": -5.0,
        "affected_area_km2_total": 0.1642,
        "confidence": 0.7,
        "method": "SAR backscatter decrease with spatial-component filtering",
        "crs": "EPSG:4326"
      }
    },
    {
      "type": "Feature",
      "geometry": {
        "type": "Polygon",
        "coordinates": [
          [
            [
              85.30606587383305,
              27.651727347557355
            ],
            [
              85.30606587383305,
              27.651527351860295
            ],
            [
              85.30566613056696,
              27.651527351860295
            ],
            [
              85.30566613056696,
              27.651227358314706
            ],
            [
              85.30556619475044,
              27.651227358314706
            ],
            [
              85.30556619475044,
              27.650927364769117
            ],
            [
              85.30566613056696,
              27.650927364769117
            ],
            [
              85.30566613056696,
              27.651027362617647
            ],
            [
              85.30576606638348,
              27.651027362617647
            ],
            [
              85.30576606638348,
              27.651227358314706
            ],
            [
              85.30596593801653,
              27.651227358314706
            ],
            [
              85.30596593801653,
              27.651127360466177
            ],
            [
              85.30606587383305,
              27.651127360466177
            ],
            [
              85.30606587383305,
              27.651227358314706
            ],
            [
              85.30616580964957,
              27.651227358314706
            ],
            [
              85.30616580964957,
              27.651427354011766
            ],
            [
              85.30636568128261,
              27.651427354011766
            ],
            [
              85.30636568128261,
              27.651327356163236
            ],
            [
              85.30646561709914,
              27.651327356163236
            ],
            [
              85.30646561709914,
              27.651627349708825
            ],
            [
              85.30636568128261,
              27.651627349708825
            ],
            [
              85.30636568128261,
              27.651727347557355
            ],
            [
              85.30606587383305,
              27.651727347557355
            ]
          ]
        ]
      },
      "properties": {
        "disaster_type": "flood",
        "sensor": "Sentinel-1",
        "pre_date": "2024-09-20",
        "post_date": "2024-09-27",
        "change_threshold_db": -5.0,
        "affected_area_km2_total": 0.1642,
        "confidence": 0.7,
        "method": "SAR backscatter decrease with spatial-component filtering",
        "crs": "EPSG:4326"
      }
    },
    {
      "type": "Feature",
      "geometry": {
        "type": "Polygon",
        "coordinates": [
          [
            [
              85.30826446179653,
              27.65252733034559
            ],
            [
              85.30826446179653,
              27.65212733895147
            ],
            [
              85.30816452598,
              27.65212733895147
            ],
            [
              85.30816452598,
              27.652027341102944
            ],
            [
              85.30796465434696,
              27.652027341102944
            ],
            [
              85.30796465434696,
              27.65212733895147
            ],
            [
              85.30806459016348,
              27.65212733895147
            ],
            [
              85.30806459016348,
              27.6522273368
            ],
            [
              85.30786471853044,
              27.6522273368
            ],
            [
              85.30786471853044,
              27.65232733464853
            ],
            [
              85.30776478271392,
              27.65232733464853
            ],
            [
              85.30776478271392,
              27.65242733249706
            ],
            [
              85.30756491108087,
              27.65242733249706
            ],
            [
              85.30756491108087,
              27.6522273368
            ],
            [
              85.3076648468974,
              27.6522273368
            ],
            [
              85.3076648468974,
              27.651927343254414
            ],
            [
              85.30806459016348,
              27.651927343254414
            ],
            [
              85.30806459016348,
              27.651727347557355
            ],
            [
              85.30796465434696,
              27.651727347557355
            ],
            [
              85.30796465434696,
              27.651627349708825
            ],
            [
              85.30806459016348,
              27.651627349708825
            ],
            [
              85.30806459016348,
              27.651327356163236
            ],
            [
              85.30836439761305,
              27.651327356163236
            ],
            [
              85.30836439761305,
              27.651227358314706
            ],
            [
              85.30846433342957,
              27.651227358314706
            ],
            [
              85.30846433342957,
              27.651027362617647
            ],
            [
              85.30836439761305,
              27.651027362617647
            ],
            [
              85.30836439761305,
              27.650927364769117
            ],
            [
              85.30846433342957,
              27.650927364769117
            ],
            [
              85.30846433342957,
              27.650827366920588
            ],
            [
              85.30886407669566,
              27.650827366920588
            ],
            [
              85.30886407669566,
              27.650727369072058
            ],
            [
              85.30876414087913,
              27.650727369072058
            ],
            [
              85.30876414087913,
              27.65062737122353
            ],
            [
              85.30866420506261,
              27.65062737122353
            ],
            [
              85.30866420506261,
              27.650527373375002
            ],
            [
              85.30856426924609,
              27.650527373375002
            ],
            [
              85.30856426924609,
              27.650427375526473
            ],
            [
              85.30846433342957,
              27.650427375526473
            ],
            [
              85.30846433342957,
              27.650527373375002
            ],
            [
              85.30816452598,
              27.650527373375002
            ],
            [
              85.30816452598,
              27.650227379829413
            ],
            [
              85.30856426924609,
              27.650227379829413
            ],
            [
              85.30856426924609,
              27.650127381980884
            ],
            [
              85.30866420506261,
              27.650127381980884
            ],
            [
              85.30866420506261,
              27.650027384132354
            ],
            [
              85.30856426924609,
              27.650027384132354
            ],
            [
              85.30856426924609,
              27.649927386283824
            ],
            [
              85.30816452598,
              27.649927386283824
            ],
            [
              85.30816452598,
              27.650127381980884
            ],
            [
              85.30756491108087,
              27.650127381980884
            ],
            [
              85.30756491108087,
              27.649927386283824
            ],
            [
              85.30786471853044,
              27.649927386283824
            ],
            [
              85.30786471853044,
              27.649827388435295
            ],
            [
              85.30796465434696,
              27.649827388435295
            ],
            [
              85.30796465434696,
              27.649727390586765
            ],
            [
              85.30806459016348,
              27.649727390586765
            ],
            [
              85.30806459016348,
              27.649627392738235
            ],
            [
              85.30856426924609,
              27.649627392738235
            ],
            [
              85.30856426924609,
              27.649727390586765
            ],
            [
              85.30866420506261,
              27.649727390586765
            ],
            [
              85.30866420506261,
              27.649627392738235
            ],
            [
              85.30876414087913,
              27.649627392738235
            ],
            [
              85.30876414087913,
              27.649527394889706
            ],
            [
              85.30896401251218,
              27.649527394889706
            ],
            [
              85.30896401251218,
              27.649927386283824
            ],
            [
              85.30926381996174,
              27.649927386283824
            ],
            [
              85.30926381996174,
              27.649827388435295
            ],
            [
              85.30936375577826,
              27.649827388435295
            ],
            [
              85.30936375577826,
              27.649327399192646
            ],
            [
              85.30896401251218,
              27.649327399192646
            ],
            [
              85.30896401251218,
              27.64902740564706
            ],
            [
              85.3090639483287,
              27.64902740564706
            ],
            [
              85.3090639483287,
              27.64892740779853
            ],
            [
              85.30916388414522,
              27.64892740779853
            ],
            [
              85.30916388414522,
              27.64882740995
            ],
            [
              85.30926381996174,
              27.64882740995
            ],
            [
              85.30926381996174,
              27.648527416404413
            ],
            [
              85.30936375577826,
              27.648527416404413
            ],
            [
              85.30936375577826,
              27.648327420707353
            ],
            [
              85.30946369159479,
              27.648327420707353
            ],
            [
              85.30946369159479,
              27.648227422858824
            ],
            [
              85.30956362741131,
              27.648227422858824
            ],
            [
              85.30956362741131,
              27.648027427161765
            ],
            [
              85.30976349904435,
              27.648027427161765
            ],
            [
              85.30976349904435,
              27.648127425010294
            ],
            [
              85.31006330649392,
              27.648127425010294
            ],
            [
              85.31006330649392,
              27.648327420707353
            ],
            [
              85.31036311394348,
              27.648327420707353
            ],
            [
              85.31036311394348,
              27.648427418555883
            ],
            [
              85.31046304976,
              27.648427418555883
            ],
            [
              85.31046304976,
              27.648527416404413
            ],
            [
              85.31036311394348,
              27.648527416404413
            ],
            [
              85.31036311394348,
              27.648627414252942
            ],
            [
              85.31026317812696,
              27.648627414252942
            ],
            [
              85.31026317812696,
              27.648727412101472
            ],
            [
              85.31016324231044,
              27.648727412101472
            ],
            [
              85.31016324231044,
              27.64882740995
            ],
            [
              85.31006330649392,
              27.64882740995
            ],
            [
              85.31006330649392,
              27.64892740779853
            ],
            [
              85.3099633706774,
              27.64892740779853
            ],
            [
              85.3099633706774,
              27.649127403495587
            ],
            [
              85.31016324231044,
              27.649127403495587
            ],
            [
              85.31016324231044,
              27.649327399192646
            ],
            [
              85.31006330649392,
              27.649327399192646
            ],
            [
              85.31006330649392,
              27.649627392738235
            ],
            [
              85.31016324231044,
              27.649627392738235
            ],
            [
              85.31016324231044,
              27.649727390586765
            ],
            [
              85.31036311394348,
              27.649727390586765
            ],
            [
              85.31036311394348,
              27.650127381980884
            ],
            [
              85.31026317812696,
              27.650127381980884
            ],
            [
              85.31026317812696,
              27.650227379829413
            ],
            [
              85.31016324231044,
              27.650227379829413
            ],
            [
              85.31016324231044,
              27.650127381980884
            ],
            [
              85.31006330649392,
              27.650127381980884
            ],
            [
              85.31006330649392,
              27.649827388435295
            ],
            [
              85.3099633706774,
              27.649827388435295
            ],
            [
              85.3099633706774,
              27.649727390586765
            ],
            [
              85.30986343486087,
              27.649727390586765
            ],
            [
              85.30986343486087,
              27.649827388435295
            ],
            [
              85.30976349904435,
              27.649827388435295
            ],
            [
              85.30976349904435,
              27.649927386283824
            ],
            [
              85.30966356322783,
              27.649927386283824
            ],
            [
              85.30966356322783,
              27.650027384132354
            ],
            [
              85.30956362741131,
              27.650027384132354
            ],
            [
              85.30956362741131,
              27.650127381980884
            ],
            [
              85.30946369159479,
              27.650127381980884
            ],
            [
              85.30946369159479,
              27.650327377677943
            ],
            [
              85.30956362741131,
              27.650327377677943
            ],
            [
              85.30956362741131,
              27.650427375526473
            ],
            [
              85.30936375577826,
              27.650427375526473
            ],
            [
              85.30936375577826,
              27.651027362617647
            ],
            [
              85.30926381996174,
              27.651027362617647
            ],
            [
              85.30926381996174,
              27.651227358314706
            ],
            [
              85.30916388414522,
              27.651227358314706
            ],
            [
              85.30916388414522,
              27.651327356163236
            ],
            [
              85.3090639483287,
              27.651327356163236
            ],
            [
              85.3090639483287,
              27.651427354011766
            ],
            [
              85.30896401251218,
              27.651427354011766
            ],
            [
              85.30896401251218,
              27.651527351860295
            ],
            [
              85.30916388414522,
              27.651527351860295
            ],
            [
              85.30916388414522,
              27.651827345405884
            ],
            [
              85.30896401251218,
              27.651827345405884
            ],
            [
              85.30896401251218,
              27.652027341102944
            ],
            [
              85.30886407669566,
              27.652027341102944
            ],
            [
              85.30886407669566,
              27.6522273368
            ],
            [
              85.30876414087913,
              27.6522273368
            ],
            [
              85.30876414087913,
              27.65242733249706
            ],
            [
              85.30866420506261,
              27.65242733249706
            ],
            [
              85.30866420506261,
              27.6522273368
            ],
            [
              85.30856426924609,
              27.6522273368
            ],
            [
              85.30856426924609,
              27.65242733249706
            ],
            [
              85.30836439761305,
              27.65242733249706
            ],
            [
              85.30836439761305,
              27.65252733034559
            ],
            [
              85.30826446179653,
              27.65252733034559
            ]
          ],
          [
            [
              85.30896401251218,
              27.651127360466177
            ],
            [
              85.30916388414522,
              27.651127360466177
            ],
            [
              85.30916388414522,
              27.650927364769117
            ],
            [
              85.30896401251218,
              27.650927364769117
            ],
            [
              85.30896401251218,
              27.651127360466177
            ]
          ],
          [
            [
              85.30946369159479,
              27.649827388435295
            ],
            [
              85.30976349904435,
              27.649827388435295
            ],
            [
              85.30976349904435,
              27.649727390586765
            ],
            [
              85.30966356322783,
              27.649727390586765
            ],
            [
              85.30966356322783,
              27.649627392738235
            ],
            [
              85.30956362741131,
              27.649627392738235
            ],
            [
              85.30956362741131,
              27.649727390586765
            ],
            [
              85.30946369159479,
              27.649727390586765
            ],
            [
              85.30946369159479,
              27.649827388435295
            ]
          ],
          [
            [
              85.30936375577826,
              27.649127403495587
            ],
            [
              85.30966356322783,
              27.649127403495587
            ],
            [
              85.30966356322783,
              27.64882740995
            ],
            [
              85.30956362741131,
              27.64882740995
            ],
            [
              85.30956362741131,
              27.64892740779853
            ],
            [
              85.30936375577826,
              27.64892740779853
            ],
            [
              85.30936375577826,
              27.649127403495587
            ]
          ],
          [
            [
              85.30946369159479,
              27.648727412101472
            ],
            [
              85.30966356322783,
              27.648727412101472
            ],
            [
              85.30966356322783,
              27.648627414252942
            ],
            [
              85.30946369159479,
              27.648627414252942
            ],
            [
              85.30946369159479,
              27.648727412101472
            ]
          ],
          [
            [
              85.30966356322783,
              27.648327420707353
            ],
            [
              85.30976349904435,
              27.648327420707353
            ],
            [
              85.30976349904435,
              27.648227422858824
            ],
            [
              85.30966356322783,
              27.648227422858824
            ],
            [
              85.30966356322783,
              27.648327420707353
            ]
          ]
        ]
      },
      "properties": {
        "disaster_type": "flood",
        "sensor": "Sentinel-1",
        "pre_date": "2024-09-20",
        "post_date": "2024-09-27",
        "change_threshold_db": -5.0,
        "affected_area_km2_total": 0.1642,
        "confidence": 0.7,
        "method": "SAR backscatter decrease with spatial-component filtering",
        "crs": "EPSG:4326"
      }
    },
    {
      "type": "Feature",
      "geometry": {
        "type": "Polygon",
        "coordinates": [
          [
            [
              85.30556619475044,
              27.648327420707353
            ],
            [
              85.30556619475044,
              27.648127425010294
            ],
            [
              85.30566613056696,
              27.648127425010294
            ],
            [
              85.30566613056696,
              27.648027427161765
            ],
            [
              85.3058660022,
              27.648027427161765
            ],
            [
              85.3058660022,
              27.647927429313235
            ],
            [
              85.30596593801653,
              27.647927429313235
            ],
            [
              85.30596593801653,
              27.647827431464705
            ],
            [
              85.30606587383305,
              27.647827431464705
            ],
            [
              85.30606587383305,
              27.647927429313235
            ],
            [
              85.30616580964957,
              27.647927429313235
            ],
            [
              85.30616580964957,
              27.648127425010294
            ],
            [
              85.30626574546609,
              27.648127425010294
            ],
            [
              85.30626574546609,
              27.648227422858824
            ],
            [
              85.30616580964957,
              27.648227422858824
            ],
            [
              85.30616580964957,
              27.648327420707353
            ],
            [
              85.30556619475044,
              27.648327420707353
            ]
          ]
        ]
      },
      "properties": {
        "disaster_type": "flood",
        "sensor": "Sentinel-1",
        "pre_date": "2024-09-20",
        "post_date": "2024-09-27",
        "change_threshold_db": -5.0,
        "affected_area_km2_total": 0.1642,
        "confidence": 0.7,
        "method": "SAR backscatter decrease with spatial-component filtering",
        "crs": "EPSG:4326"
      }
    },
    {
      "type": "Feature",
      "geometry": {
        "type": "Polygon",
        "coordinates": [
          [
            [
              85.30656555291566,
              27.648527416404413
            ],
            [
              85.30656555291566,
              27.648427418555883
            ],
            [
              85.30646561709914,
              27.648427418555883
            ],
            [
              85.30646561709914,
              27.648327420707353
            ],
            [
              85.30636568128261,
              27.648327420707353
            ],
            [
              85.30636568128261,
              27.648127425010294
            ],
            [
              85.30626574546609,
              27.648127425010294
            ],
            [
              85.30626574546609,
              27.648027427161765
            ],
            [
              85.30636568128261,
              27.648027427161765
            ],
            [
              85.30636568128261,
              27.647827431464705
            ],
            [
              85.30646561709914,
              27.647827431464705
            ],
            [
              85.30646561709914,
              27.647727433616176
            ],
            [
              85.30656555291566,
              27.647727433616176
            ],
            [
              85.30656555291566,
              27.64762743576765
            ],
            [
              85.30666548873218,
              27.64762743576765
            ],
            [
              85.30666548873218,
              27.647827431464705
            ],
            [
              85.30686536036522,
              27.647827431464705
            ],
            [
              85.30686536036522,
              27.647927429313235
            ],
            [
              85.3067654245487,
              27.647927429313235
            ],
            [
              85.3067654245487,
              27.648027427161765
            ],
            [
              85.30686536036522,
              27.648027427161765
            ],
            [
              85.30686536036522,
              27.648327420707353
            ],
            [
              85.3067654245487,
              27.648327420707353
            ],
            [
              85.3067654245487,
              27.648427418555883
            ],
            [
              85.30666548873218,
              27.648427418555883
            ],
            [
              85.30666548873218,
              27.648527416404413
            ],
            [
              85.30656555291566,
              27.648527416404413
            ]
          ],
          [
            [
              85.30646561709914,
              27.648127425010294
            ],
            [
              85.30666548873218,
              27.648127425010294
            ],
            [
              85.30666548873218,
              27.648027427161765
            ],
            [
              85.30646561709914,
              27.648027427161765
            ],
            [
              85.30646561709914,
              27.648127425010294
            ]
          ]
        ]
      },
      "properties": {
        "disaster_type": "flood",
        "sensor": "Sentinel-1",
        "pre_date": "2024-09-20",
        "post_date": "2024-09-27",
        "change_threshold_db": -5.0,
        "affected_area_km2_total": 0.1642,
        "confidence": 0.7,
        "method": "SAR backscatter decrease with spatial-component filtering",
        "crs": "EPSG:4326"
      }
    },
    {
      "type": "Feature",
      "geometry": {
        "type": "Polygon",
        "coordinates": [
          [
            [
              85.3076648468974,
              27.64732744222206
            ],
            [
              85.3076648468974,
              27.647127446525
            ],
            [
              85.30756491108087,
              27.647127446525
            ],
            [
              85.30756491108087,
              27.646727455130883
            ],
            [
              85.30786471853044,
              27.646727455130883
            ],
            [
              85.30786471853044,
              27.646627457282353
            ],
            [
              85.30806459016348,
              27.646627457282353
            ],
            [
              85.30806459016348,
              27.646827452979412
            ],
            [
              85.30796465434696,
              27.646827452979412
            ],
            [
              85.30796465434696,
              27.646927450827942
            ],
            [
              85.30806459016348,
              27.646927450827942
            ],
            [
              85.30806459016348,
              27.64722744437353
            ],
            [
              85.30796465434696,
              27.64722744437353
            ],
            [
              85.30796465434696,
              27.64732744222206
            ],
            [
              85.3076648468974,
              27.64732744222206
            ]
          ],
          [
            [
              85.30776478271392,
              27.646927450827942
            ],
            [
              85.30786471853044,
              27.646927450827942
            ],
            [
              85.30786471853044,
              27.646827452979412
            ],
            [
              85.30776478271392,
              27.646827452979412
            ],
            [
              85.30776478271392,
              27.646927450827942
            ]
          ]
        ]
      },
      "properties": {
        "disaster_type": "flood",
        "sensor": "Sentinel-1",
        "pre_date": "2024-09-20",
        "post_date": "2024-09-27",
        "change_threshold_db": -5.0,
        "affected_area_km2_total": 0.1642,
        "confidence": 0.7,
        "method": "SAR backscatter decrease with spatial-component filtering",
        "crs": "EPSG:4326"
      }
    },
    {
      "type": "Feature",
      "geometry": {
        "type": "Polygon",
        "coordinates": [
          [
            [
              85.3099633706774,
              27.647727433616176
            ],
            [
              85.3099633706774,
              27.64762743576765
            ],
            [
              85.30986343486087,
              27.64762743576765
            ],
            [
              85.30986343486087,
              27.64742744007059
            ],
            [
              85.31016324231044,
              27.64742744007059
            ],
            [
              85.31016324231044,
              27.64722744437353
            ],
            [
              85.3099633706774,
              27.64722744437353
            ],
            [
              85.3099633706774,
              27.64702744867647
            ],
            [
              85.30986343486087,
              27.64702744867647
            ],
            [
              85.30986343486087,
              27.646927450827942
            ],
            [
              85.30976349904435,
              27.646927450827942
            ],
            [
              85.30976349904435,
              27.646827452979412
            ],
            [
              85.3099633706774,
              27.646827452979412
            ],
            [
              85.3099633706774,
              27.646927450827942
            ],
            [
              85.31006330649392,
              27.646927450827942
            ],
            [
              85.31006330649392,
              27.646727455130883
            ],
            [
              85.31016324231044,
              27.646727455130883
            ],
            [
              85.31016324231044,
              27.646627457282353
            ],
            [
              85.31026317812696,
              27.646627457282353
            ],
            [
              85.31026317812696,
              27.646827452979412
            ],
            [
              85.31016324231044,
              27.646827452979412
            ],
            [
              85.31016324231044,
              27.647127446525
            ],
            [
              85.31026317812696,
              27.647127446525
            ],
            [
              85.31026317812696,
              27.64732744222206
            ],
            [
              85.31036311394348,
              27.64732744222206
            ],
            [
              85.31036311394348,
              27.64742744007059
            ],
            [
              85.31046304976,
              27.64742744007059
            ],
            [
              85.31046304976,
              27.64752743791912
            ],
            [
              85.31056298557652,
              27.64752743791912
            ],
            [
              85.31056298557652,
              27.64762743576765
            ],
            [
              85.31036311394348,
              27.64762743576765
            ],
            [
              85.31036311394348,
              27.647727433616176
            ],
            [
              85.3099633706774,
              27.647727433616176
            ]
          ]
        ]
      },
      "properties": {
        "disaster_type": "flood",
        "sensor": "Sentinel-1",
        "pre_date": "2024-09-20",
        "post_date": "2024-09-27",
        "change_threshold_db": -5.0,
        "affected_area_km2_total": 0.1642,
        "confidence": 0.7,
        "method": "SAR backscatter decrease with spatial-component filtering",
        "crs": "EPSG:4326"
      }
    },
    {
      "type": "Feature",
      "geometry": {
        "type": "Polygon",
        "coordinates": [
          [
            [
              85.30866420506261,
              27.646727455130883
            ],
            [
              85.30866420506261,
              27.646527459433823
            ],
            [
              85.30876414087913,
              27.646527459433823
            ],
            [
              85.30876414087913,
              27.646327463736764
            ],
            [
              85.30886407669566,
              27.646327463736764
            ],
            [
              85.30886407669566,
              27.646227465888234
            ],
            [
              85.30916388414522,
              27.646227465888234
            ],
            [
              85.30916388414522,
              27.646327463736764
            ],
            [
              85.30936375577826,
              27.646327463736764
            ],
            [
              85.30936375577826,
              27.646427461585294
            ],
            [
              85.30966356322783,
              27.646427461585294
            ],
            [
              85.30966356322783,
              27.646227465888234
            ],
            [
              85.30976349904435,
              27.646227465888234
            ],
            [
              85.30976349904435,
              27.646127468039708
            ],
            [
              85.30986343486087,
              27.646127468039708
            ],
            [
              85.30986343486087,
              27.64602747019118
            ],
            [
              85.31006330649392,
              27.64602747019118
            ],
            [
              85.31006330649392,
              27.646127468039708
            ],
            [
              85.31016324231044,
              27.646127468039708
            ],
            [
              85.31016324231044,
              27.646327463736764
            ],
            [
              85.30986343486087,
              27.646327463736764
            ],
            [
              85.30986343486087,
              27.646427461585294
            ],
            [
              85.31006330649392,
              27.646427461585294
            ],
            [
              85.31006330649392,
              27.646527459433823
            ],
            [
              85.30986343486087,
              27.646527459433823
            ],
            [
              85.30986343486087,
              27.646627457282353
            ],
            [
              85.30956362741131,
              27.646627457282353
            ],
            [
              85.30956362741131,
              27.646727455130883
            ],
            [
              85.30886407669566,
              27.646727455130883
            ],
            [
              85.30886407669566,
              27.646627457282353
            ],
            [
              85.30876414087913,
              27.646627457282353
            ],
            [
              85.30876414087913,
              27.646727455130883
            ],
            [
              85.30866420506261,
              27.646727455130883
            ]
          ]
        ]
      },
      "properties": {
        "disaster_type": "flood",
        "sensor": "Sentinel-1",
        "pre_date": "2024-09-20",
        "post_date": "2024-09-27",
        "change_threshold_db": -5.0,
        "affected_area_km2_total": 0.1642,
        "confidence": 0.7,
        "method": "SAR backscatter decrease with spatial-component filtering",
        "crs": "EPSG:4326"
      }
    }
  ]
}